{
    "materials":[{
        "wireframe":false,
        "doubleSided":false,
        "blending":"NormalBlending",
        "mapDiffuseRepeat":[1,1],
        "depthWrite":true,
        "DbgName":"minecraft",
        "visible":true,
        "colorDiffuse":[0.8,0.8,0.8],
        "mapDiffuseAnisotropy":1,
        "mapDiffuseWrap":["repeat","repeat"],
        "transparent":false,
        "shading":"lambert",
        "depthTest":true,
        "mapDiffuse":"minecraft_sole.png",
        "colorEmissive":[0,0,0],
        "DbgColor":15658734,
        "opacity":1,
        "DbgIndex":0,
        "vertexColors":false
    }],
    "vertices":[-0.926029,0.94708,0.230736,-0.926029,2.1815,0.230736,-0.926029,0.94708,-0.230736,-0.926029,2.1815,-0.230736,-0.508454,0.94708,0.230736,-0.508454,2.1815,0.230736,-0.508454,0.94708,-0.230736,-0.508454,2.1815,-0.230736,-0.926029,1.44373,0.230736,-0.926029,1.56429,0.230736,-0.926029,1.68485,0.230736,-0.926029,1.68485,-0.230736,-0.926029,1.56429,-0.230736,-0.926029,1.44373,-0.230736,-0.508454,1.68485,-0.230736,-0.508454,1.56429,-0.230736,-0.508454,1.44373,-0.230736,-0.508454,1.68485,0.230736,-0.508454,1.56429,0.230736,-0.508454,1.44373,0.230736,-0.508454,-0.0105071,0.230736,-0.508454,0.94708,0.230736,-0.508454,-0.0105071,-0.230736,-0.508454,0.94708,-0.230736,-0.0908785,-0.0105071,0.230736,-0.0908785,0.94708,0.230736,-0.0908785,-0.0105071,-0.230736,-0.0908785,0.94708,-0.230736,-0.508454,0.39727,0.230736,-0.508454,0.468287,0.230736,-0.508454,0.539303,0.230736,-0.508454,0.539303,-0.230736,-0.508454,0.468287,-0.230736,-0.508454,0.39727,-0.230736,-0.0908786,0.539303,-0.230736,-0.0908786,0.468287,-0.230736,-0.0908786,0.39727,-0.230736,-0.0908786,0.539303,0.230736,-0.0908786,0.468287,0.230736,-0.0908786,0.39727,0.230736,0.0908785,-0.0105069,0.230736,0.0908785,0.94708,0.230736,0.0908785,-0.0105069,-0.230736,0.0908785,0.94708,-0.230736,0.508454,-0.0105069,0.230736,0.508454,0.94708,0.230736,0.508454,-0.0105069,-0.230736,0.508454,0.94708,-0.230736,0.0908786,0.39727,0.230736,0.0908786,0.468287,0.230736,0.0908786,0.539304,0.230736,0.0908786,0.539304,-0.230736,0.0908786,0.468287,-0.230736,0.0908786,0.39727,-0.230736,0.508454,0.539304,-0.230736,0.508454,0.468287,-0.230736,0.508454,0.39727,-0.230736,0.508454,0.539304,0.230736,0.508454,0.468287,0.230736,0.508454,0.39727,0.230736,-0.508454,0.94708,0.230736,-0.508454,2.1815,0.230736,-0.508454,0.94708,-0.230736,-0.508454,2.1815,-0.230736,0.508454,0.94708,0.230736,0.508454,2.1815,0.230736,0.508454,0.94708,-0.230736,0.508454,2.1815,-0.230736,-0.372666,2.21191,0.375895,-0.372666,3.04157,0.375895,-0.372666,2.21191,-0.375895,-0.372666,3.04157,-0.375895,0.372666,2.21191,0.375895,0.372666,3.04157,0.375895,0.372666,2.21191,-0.375895,0.372666,3.04157,-0.375895,0.508454,0.947081,0.230736,0.508454,2.1815,0.230736,0.508454,0.947081,-0.230736,0.508454,2.1815,-0.230736,0.926029,0.947081,0.230736,0.926029,2.1815,0.230736,0.926029,0.947081,-0.230736,0.926029,2.1815,-0.230736,0.508454,1.44373,0.230736,0.508454,1.56429,0.230736,0.508454,1.68485,0.230736,0.508454,1.68485,-0.230736,0.508454,1.56429,-0.230736,0.508454,1.44373,-0.230736,0.926029,1.68485,-0.230736,0.926029,1.56429,-0.230736,0.926029,1.44373,-0.230736,0.926029,1.68485,0.230736,0.926029,1.56429,0.230736,0.926029,1.44373,0.230736],
    "normals":[-1,0,0,0,-6.00067e-08,-1,1,0,0,0,6.00067e-08,1,0,-1,0,0,1,0,0,6.00067e-08,1,-0,0,1,0,-6.00067e-08,-1,-0,0,-1,0,-3.65424e-08,-1,1,-7.30848e-08,0,0,3.65424e-08,1,0,-1,-0,0,1,0,0,7.30848e-08,1,-0,0,1,1,7.30848e-08,0,0,-7.30848e-08,-1,-0,0,-1,-1,-3.65424e-08,0,0,-3.65424e-08,-1,1,0,0,0,3.65424e-08,1,0,7.30848e-08,1,0,-7.30848e-08,-1,-1,3.65424e-08,0,0,-4.82856e-08,-1,0,4.82856e-08,1,0,-7.18419e-08,-1,0,7.18419e-08,1,0,-6.00067e-08,-1,0,6.00067e-08,1],
    "uvs":[[0.787871,0.718609,0.787872,0.815587,0.697762,0.815587,0.697762,0.718609,0.869409,0.718609,0.869409,0.815587,0.787871,0.815587,0.787872,0.718609,0.959518,0.718609,0.959518,0.815587,0.869409,0.718609,0.869409,0.574549,0.787872,0.574549,0.787872,0.484439,0.869409,0.484439,0.869409,0.905696,0.787871,0.905696,0.869409,0.574549,0.869409,0.671527,0.787871,0.671527,0.869409,0.695068,0.787871,0.695068,0.959518,0.574549,0.959518,0.671527,0.959518,0.695068,0.869409,0.671527,0.787872,0.671527,0.869409,0.695068,0.787872,0.695068,0.697762,0.671527,0.697762,0.574549,0.697762,0.695068,0.787797,0.282056,0.787797,0.361681,0.697688,0.361681,0.697688,0.282056,0.869335,0.282056,0.869335,0.361681,0.959444,0.282056,0.959444,0.361681,0.869335,0.361681,0.869335,0.174698,0.787797,0.174698,0.787797,0.0845882,0.869335,0.0845882,0.869335,0.45179,0.787797,0.45179,0.869335,0.174698,0.869335,0.254322,0.787797,0.254322,0.787797,0.174698,0.869335,0.268189,0.787797,0.268189,0.959444,0.174698,0.959444,0.254322,0.959444,0.268189,0.869335,0.268189,0.787797,0.268189,0.697688,0.254322,0.697688,0.174698,0.697688,0.268189,0.787797,0.361681,0.697688,0.361681,0.697688,0.282056,0.869335,0.282056,0.869335,0.361681,0.959444,0.282056,0.959444,0.361681,0.869335,0.361681,0.869335,0.174697,0.787797,0.174697,0.787797,0.0845882,0.869335,0.0845886,0.869335,0.254322,0.787797,0.254322,0.869335,0.268189,0.787797,0.268189,0.959444,0.174698,0.959444,0.254322,0.959444,0.268189,0.697688,0.254322,0.697688,0.174697,0.697688,0.268189,0.360114,0.0819909,0.360114,0.32303,0.270004,0.32303,0.270004,0.0819909,0.55868,0.413139,0.55868,0.654178,0.360114,0.654178,0.360114,0.413139,0.648789,0.0819909,0.648789,0.32303,0.55868,0.32303,0.55868,0.0819909,0.360114,0.32303,0.55868,0.32303,0.55868,0.744287,0.360114,0.744287,0.177712,0.97923,0.015708,0.97923,0.0157079,0.832432,0.177712,0.832432,0.177712,0.670427,0.32325,0.670427,0.323249,0.832432,0.485254,0.832432,0.485254,0.97923,0.323249,0.97923,0.32325,0.361625,0.32325,0.523629,0.177712,0.523629,0.177712,0.361625,0.787871,0.718609,0.697762,0.718609,0.869409,0.718609,0.869409,0.815588,0.959518,0.718609,0.869409,0.574549,0.787871,0.574549,0.787871,0.48444,0.869409,0.48444,0.869409,0.905697,0.787871,0.905697,0.869409,0.671527,0.787871,0.671527,0.787871,0.574549,0.869409,0.695068,0.787871,0.695068,0.959518,0.671527,0.959518,0.695068,0.869409,0.671527,0.787871,0.671527,0.697762,0.671527,0.697762,0.695068]],
    "skinIndices":[],
    "metadata":{
        "vertices":96,
        "materials":1,
        "normals":33,
        "uvs":1,
        "version":3,
        "type":"Geometry",
        "colors":1,
        "faces":84,
        "generator":"io_three"
    },
    "skinWeights":[],
    "influencesPerVertex":2,
    "colors":[16777215],