{
    "faces":[43,0,1,2,3,0,0,1,2,3,0,0,0,0,43,5,4,12,13,0,0,1,2,3,1,1,1,1,43,0,8,9,1,0,0,1,2,3,2,2,2,2,43,1,9,11,2,0,0,1,2,3,3,3,3,3,43,2,11,10,3,0,0,1,2,3,4,4,4,4,43,8,0,3,10,0,0,1,2,3,5,5,5,5,43,4,5,9,8,0,0,1,2,3,6,6,6,6,43,7,4,8,10,0,0,1,2,3,7,7,7,7,43,5,6,11,9,0,0,1,2,3,6,6,6,6,43,6,7,10,11,0,0,1,2,3,8,8,8,8,43,12,15,14,13,0,0,1,2,3,6,6,6,6,43,7,6,14,15,0,0,1,2,3,9,9,9,9,43,4,7,15,12,0,0,1,2,3,10,10,10,10,43,6,5,13,14,0,0,1,2,3,11,11,11,11],
    "uvs":[[0,0,1,0,1,1,0,1]],
    "normals":[-4.4409e-15,-1,2.98023e-08,-1,-2.30526e-14,-5.07389e-07,0.958379,0.285498,1.42382e-07,-2.03403e-07,0.285498,0.958379,-0.958379,0.285498,-2.03403e-07,2.23743e-07,0.285498,-0.958379,0,1,0,0,1,-0,-0,1,0,1,1.15263e-14,2.02956e-07,-3.04433e-07,4.25942e-08,1,5.07389e-07,-4.25942e-08,-1],
    "vertices":[0.5,0,-0.5,0.5,2.98023e-08,0.5,-0.5,2.98023e-08,0.5,-0.5,0,-0.5,0.110131,1,-0.110131,0.110131,1,0.110131,-0.110131,1,0.110131,-0.110131,1,-0.110131,0.202103,1,-0.202103,0.202103,1,0.202103,-0.202103,1,-0.202103,-0.202103,1,0.202103,0.110131,0.65016,-0.110131,0.110131,0.65016,0.110131,-0.110131,0.65016,0.110131,-0.110131,0.65016,-0.110131],
    "skinIndices":[],
    "morphTargets":[],
    "skinWeights":[],
    "influencesPerVertex":2,
    "materials":[{
        "shading":"phong",
        "DbgIndex":0,
        "wireframe":false,
        "colorDiffuse":[0.280444,0.0107292,0.0353845],
        "doubleSided":true,
        "depthWrite":true,
        "blending":"NormalBlending",
        "DbgColor":15658734,
        "colorSpecular":[0.5,0.5,0.5],
        "transparent":false,
        "depthTest":true,
        "colorEmissive":[0,0,0],
        "visible":true,
        "DbgName":"Material",
        "specularCoef":50,
        "opacity":1
    }],
    "metadata":{
        "faces":14,
        "uvs":1,
        "normals":12,
        "vertices":16,
        "version":3,
        "generator":"io_three",
        "morphTargets":0,
        "type":"Geometry",
        "materials":1
    }
}